symbol,age,outcome,r,gross_r,cost_r
RELIANCE.NS,27,zone_not_touched,,,
RELIANCE.NS,0,zone_not_touched,,,
RELIANCE.NS,68,zone_not_touched,,,
RELIANCE.NS,23,SL,-1.7234911651592906,-1.2311030598718338,0.49238810528745686
RELIANCE.NS,1,zone_not_touched,,,
RELIANCE.NS,7,zone_not_touched,,,
RELIANCE.NS,7,zone_not_touched,,,
RELIANCE.NS,0,+1R,0.4706835311625608,1.0,0.5293164688374392
RELIANCE.NS,237,+2R,1.5269502070789955,2.0,0.47304979292100446
RELIANCE.NS,131,SL,-1.7448839017434348,-1.2379465456633008,0.5069373560801339
RELIANCE.NS,0,SL,-1.7976427241838744,-1.2548239680690674,0.5428187561148069
RELIANCE.NS,32,SL,-1.768395031640218,-1.2461478028279924,0.5222472288122254
RELIANCE.NS,4,SL,-1.7782094214145414,-1.2486073005164862,0.5296021208980551
RELIANCE.NS,1,SL,-1.7938458731733173,-1.2536093644188657,0.5402365087544515
RELIANCE.NS,0,SL,-1.8061880942363822,-1.2575576117198721,0.54863048251651
RELIANCE.NS,6,zone_not_touched,,,
TCS.NS,21,BE,0.051850526161315524,0.4541651926539412,0.40231466649262565
TCS.NS,30,data_quality_ambiguous,,,0.43556517621110796
TCS.NS,18,data_quality_ambiguous,,,0.41873138730724413
TCS.NS,14,BE,0.05492025845580312,0.4810533587370062,0.4261331002812031
TCS.NS,223,zone_not_touched,,,
TCS.NS,374,BE,0.04441118825842916,0.3890031088329905,0.34459192057456134
TCS.NS,5,+1R,0.5273883434598536,1.0,0.47261165654014636
INFY.NS,1,data_quality_ambiguous,,,0.4136932981075181
INFY.NS,0,zone_not_touched,,,
INFY.NS,18,+2R,1.6436330396798842,2.0,0.35636696032011594
INFY.NS,25,zone_not_touched,,,
INFY.NS,41,+1R,0.5973738696192248,1.0,0.40262613038077527
INFY.NS,37,+1R,0.6066290091664871,1.0,0.3933709908335129
INFY.NS,83,BE,0.05207171660278476,0.456102627177716,0.40403091057493123
INFY.NS,155,+2R,1.595832062077744,2.0,0.404167937922256
INFY.NS,126,data_quality_ambiguous,,,0.3966087075604246
INFY.NS,446,SL,-1.6240600534065093,-1.1999753849668968,0.4240846684396125
INFY.NS,2,+2R,1.5462181000351927,2.0,0.4537818999648074
INFY.NS,101,BE,0.05212206034756994,0.45654359428501395,0.404421533937444
INFY.NS,0,Neither,-0.8391602925990861,-0.3916756347430111,0.447484657856075
ICICIBANK.NS,7,+1R,0.49494768904999575,1.0,0.5050523109500042
ICICIBANK.NS,55,+1R,0.5324331447328092,1.0,0.4675668552671907
ICICIBANK.NS,0,SL,-1.7940565867408607,-1.2543568735575086,0.5396997131833522
ICICIBANK.NS,1,zone_not_touched,,,
ICICIBANK.NS,44,zone_not_touched,,,
ICICIBANK.NS,2,zone_not_touched,,,
ICICIBANK.NS,4,zone_not_touched,,,
ICICIBANK.NS,0,+1R,0.49449438460854056,1.0,0.5055056153914594
ICICIBANK.NS,44,+1R,0.47521528692421267,1.0,0.5247847130757873
ICICIBANK.NS,21,+2R,1.4488687631890524,2.0,0.5511312368109476
ICICIBANK.NS,75,SL,-1.7589257822594917,-1.242438509999819,0.5164872722596727
ICICIBANK.NS,2,zone_not_touched,,,
ICICIBANK.NS,248,zone_not_touched,,,
ICICIBANK.NS,30,SL,-1.7869526472825097,-1.2514042377742973,0.5355484095082125
ICICIBANK.NS,17,SL,-1.8383926868852976,-1.2685398870394426,0.5698527998458549
SBIN.NS,32,data_quality_ambiguous,,,0.460194122710428
SBIN.NS,24,+2R,1.4981034974541898,2.0,0.5018965025458101
SBIN.NS,14,SL,-1.7520124372485293,-1.2402269472964276,0.5117854899521017
SBIN.NS,3,data_quality_ambiguous,,,0.5144633780880057
SBIN.NS,6,SL,-1.74746462382968,-1.2394522149167535,0.5080124089129265
SBIN.NS,115,+1R,0.47358569485798285,1.0,0.5264143051420171
SBIN.NS,18,+2R,1.5171866285490032,2.0,0.4828133714509969
SBIN.NS,0,+2R,1.5319218158803172,2.0,0.4680781841196827
SBIN.NS,328,+2R,1.5252360818551767,2.0,0.47476391814482327
SBIN.NS,0,Neither,-0.75475076343104,-0.2622722118304186,0.4924785516006214
SBIN.NS,9,data_quality_ambiguous,,,0.502002071184771
SBIN.NS,3,SL,-1.77172264604974,-1.2472122988002854,0.5245103472494544
SBIN.NS,12,SL,-1.7618642502356692,-1.24405862131659,0.517805628919079
SBIN.NS,1,zone_not_touched,,,
SBIN.NS,10,+1R,0.524254763461244,1.0,0.47574523653875594
SBIN.NS,16,Neither,-1.265408412653946,-0.7464284000016268,0.5189800126523193
ITC.NS,20,zone_not_touched,,,
ITC.NS,2,zone_not_touched,,,
ITC.NS,13,+2R,1.4305881029068725,2.0,0.5694118970931275
ITC.NS,57,+1R,0.43991800002004144,1.0,0.5600819999799586
ITC.NS,219,SL,-1.7596006999511395,-1.2426544145717133,0.5169462853794262
ITC.NS,8,zone_not_touched,,,
ITC.NS,0,Neither,-0.8487369186927116,-0.30093864321313635,0.5477982754795753
ITC.NS,74,zone_not_touched,,,
ITC.NS,3,+2R,1.4689377272791742,2.0,0.5310622727208258
ITC.NS,24,SL,-1.7798350839804615,-1.249127346122965,0.5307077378574966
ITC.NS,7,zone_not_touched,,,
ITC.NS,8,zone_not_touched,,,
ITC.NS,181,zone_not_touched,,,
ITC.NS,261,zone_not_touched,,,
ITC.NS,3,zone_not_touched,,,
AXISBANK.NS,2,BE,0.05703954544665557,0.4996164564671523,0.44257691102049673
AXISBANK.NS,6,+2R,1.5517206896251445,2.0,0.44827931037485536
AXISBANK.NS,84,BE,0.05669380832280385,0.4965881020974455,0.4398942937746417
AXISBANK.NS,31,data_quality_ambiguous,,,0.5427132884324264
AXISBANK.NS,90,Neither,-0.9274559006926641,-0.4412840257013225,0.4861718749913417
AXISBANK.NS,2,SL,-1.697831634322104,-1.22289463669934,0.47493699762276387
AXISBANK.NS,217,data_quality_ambiguous,,,0.43666331262751545
AXISBANK.NS,25,Neither,-1.0260269084111924,-0.5771364373956526,0.4488904710155398
AXISBANK.NS,4,SL,-1.7443097769077531,-1.238442986854685,0.5058667900530682
AXISBANK.NS,2,zone_not_touched,,,
AXISBANK.NS,0,+1R,0.4606663198263393,1.0,0.5393336801736607
AXISBANK.NS,37,+1R,0.4481433193404052,1.0,0.5518566806595948
LT.NS,5,zone_not_touched,,,
LT.NS,15,SL,-1.646463576651691,-1.2071422190184253,0.4393213576332657
LT.NS,11,+2R,1.5245969632300507,2.0,0.4754030367699493
LT.NS,304,SL,-1.655343016972706,-1.2093026285901065,0.44604038838259935
LT.NS,1,zone_not_touched,,,
LT.NS,6,+1R,0.49883825463779397,1.0,0.501161745362206
LT.NS,57,+2R,1.4951421320079346,2.0,0.5048578679920654
LT.NS,405,zone_not_touched,,,
LT.NS,17,zone_not_touched,,,
BHARTIARTL.NS,45,+1R,0.5281081755531032,1.0,0.4718918244468968
BHARTIARTL.NS,5,zone_not_touched,,,
BHARTIARTL.NS,0,+1R,0.4888767246231721,1.0,0.5111232753768279
BHARTIARTL.NS,0,Neither,-0.774060229246228,-0.26106174952681505,0.5129984797194129
BHARTIARTL.NS,3,SL,-1.761156838250535,-1.243832321897145,0.5173245163533898
BHARTIARTL.NS,5,+2R,1.486883227655614,2.0,0.513116772344386
BHARTIARTL.NS,12,+2R,1.4699596050141621,2.0,0.530040394985838
BHARTIARTL.NS,3,zone_not_touched,,,
BHARTIARTL.NS,9,+1R,0.4932622406866197,1.0,0.5067377593133803
BHARTIARTL.NS,138,zone_not_touched,,,
BHARTIARTL.NS,3,+2R,1.4784023572110154,2.0,0.5215976427889845
BHARTIARTL.NS,16,+2R,1.474589501553459,2.0,0.5254104984465411
BHARTIARTL.NS,4,+2R,1.5066636197120549,2.0,0.49333638028794513
BHARTIARTL.NS,35,data_quality_ambiguous,,,0.5100287581062225
BHARTIARTL.NS,110,data_quality_ambiguous,,,0.536452337435085
BHARTIARTL.NS,28,zone_not_touched,,,
MARUTI.NS,5,SL,-1.7506591456777318,-1.2397940325264742,0.5108651131512577
MARUTI.NS,3,SL,-1.7822353488991962,-1.2505752875557026,0.5316600613434936
MARUTI.NS,2,+1R,0.47311528677444614,1.0,0.5268847132255539
MARUTI.NS,41,zone_not_touched,,,
MARUTI.NS,37,+2R,1.590250075982723,2.0,0.40974992401727717
MARUTI.NS,3,BE,0.055040334828175164,0.48210512258253796,0.4270647877543628
MARUTI.NS,0,zone_not_touched,,,
MARUTI.NS,188,SL,-1.674523484363476,-1.2154384147036177,0.45908506965985824
MARUTI.NS,252,+2R,1.4912140032453658,2.0,0.5087859967546342
MARUTI.NS,40,Neither,-1.0274707757866475,-0.5545981957351778,0.4728725800514698
MARUTI.NS,169,Neither,-0.467377801275445,-0.031452114312813396,0.43592568696263156
MARUTI.NS,19,BE,0.05607316996397893,0.49115185369900727,0.43507868373502834
MARUTI.NS,113,+2R,1.5131738853628223,2.0,0.4868261146371776
MARUTI.NS,0,SL,-1.8103452939890907,-1.2588874900796887,0.5514578039094021
MARUTI.NS,0,zone_not_touched,,,
WIPRO.NS,3,SL,-1.6369988417780346,-1.20411447273771,0.4328843690403245
WIPRO.NS,1,zone_not_touched,,,
WIPRO.NS,68,+1R,0.5996076256726512,1.0,0.40039237432734875
WIPRO.NS,3,+2R,1.5567273675109066,2.0,0.4432726324890933
WIPRO.NS,31,SL,-1.6709536552855955,-1.2142964348322525,0.4566572204533429
WIPRO.NS,4,SL,-1.654841442632391,-1.209142176145993,0.4456992664863979
WIPRO.NS,1,SL,-1.681822758679436,-1.2177734352781266,0.4640493234013095
WIPRO.NS,23,zone_not_touched,,,
WIPRO.NS,0,Neither,-0.4971785571331985,-0.019755431073700064,0.4774231260594984
WIPRO.NS,29,+2R,1.5284216349361335,2.0,0.47157836506386647
WIPRO.NS,120,+1R,0.5239029560612987,1.0,0.47609704393870134
WIPRO.NS,16,SL,-1.725240677213626,-1.2316627246364662,0.49357795257715964
WIPRO.NS,16,data_quality_ambiguous,,,0.5160660467282066
WIPRO.NS,0,Neither,-0.8927938757108448,-0.358498088818903,0.5342957868919418
SUNPHARMA.NS,2,+1R,0.490538946595077,1.0,0.509461053404923
SUNPHARMA.NS,16,SL,-1.751972066706501,-1.240894135222821,0.51107793148368
SUNPHARMA.NS,0,+1R,0.4584737410424441,1.0,0.5415262589575559
SUNPHARMA.NS,0,Neither,-0.2973629506871937,0.2517933339971406,0.5491562846843343
SUNPHARMA.NS,11,+1R,0.478979973481678,1.0,0.521020026518322
SUNPHARMA.NS,25,data_quality_ambiguous,,,0.501285450218416
SUNPHARMA.NS,33,+2R,1.5258267939647205,2.0,0.47417320603527935
SUNPHARMA.NS,33,zone_not_touched,,,
SUNPHARMA.NS,3,+1R,0.46765639364996237,1.0,0.5323436063500376
SUNPHARMA.NS,40,data_quality_ambiguous,,,0.5402504646512658
SUNPHARMA.NS,13,Neither,-0.6541634739359343,-0.12261629516233141,0.5315471787736029
SUNPHARMA.NS,72,Neither,-0.7748132994791896,-0.24556707061628485,0.5292462288629047
SUNPHARMA.NS,15,zone_not_touched,,,
SUNPHARMA.NS,0,+2R,1.4681871439668337,2.0,0.5318128560331663
SUNPHARMA.NS,7,zone_not_touched,,,
SUNPHARMA.NS,312,SL,-1.7177258587044697,-1.2292587519848133,0.4884671067196564
TITAN.NS,73,BE,0.05266818959375713,0.461327208120504,0.40865901852674685
TITAN.NS,4,SL,-1.709608262921027,-1.2273420546772016,0.4822662082438254
TITAN.NS,1,data_quality_ambiguous,,,0.48264602543617746
TITAN.NS,29,SL,-1.698208417745494,-1.2230151688245372,0.4751932489209566
TITAN.NS,3,SL,-1.6726903911932114,-1.2148520125377873,0.4578383786554242
TITAN.NS,38,SL,-1.8087607363054659,-1.2590606961949777,0.5497000401104881
TITAN.NS,8,+2R,1.4451863066161539,2.0,0.5548136933838461
TITAN.NS,4,zone_not_touched,,,
TITAN.NS,29,zone_not_touched,,,
TITAN.NS,6,zone_not_touched,,,
TITAN.NS,4,+1R,0.5130407479558585,1.0,0.4869592520441415
TITAN.NS,22,+2R,1.5010121611358562,2.0,0.49898783886414383
ONGC.NS,35,BE,0.052489292062420145,0.45976022244463144,0.4072709303822113
ONGC.NS,105,zone_not_touched,,,
ONGC.NS,212,+2R,1.5487575785594825,2.0,0.4512424214405175
ONGC.NS,7,zone_not_touched,,,
ONGC.NS,16,+1R,0.48249498669766566,1.0,0.5175050133023343
ONGC.NS,29,SL,-1.7769325564861518,-1.2481988344485377,0.5287337220376142
ONGC.NS,152,+2R,1.5419212129494855,2.0,0.4580787870505146
ONGC.NS,199,+2R,1.5353472896077307,2.0,0.4646527103922693
ONGC.NS,0,+1R,0.49233769282711337,1.0,0.5076623071728866
ONGC.NS,5,+1R,0.47233724848875125,1.0,0.5276627515112488
ONGC.NS,66,SL,-1.7554621243654052,-1.2413304940388292,0.5141316303265758
NTPC.NS,19,SL,-1.6453850552441789,-1.2061171002060773,0.4392679550381015
NTPC.NS,66,+1R,0.5687659337929958,1.0,0.4312340662070043
NTPC.NS,8,SL,-1.7029871075836924,-1.2245438603914571,0.47844324719223524
NTPC.NS,2,+1R,0.5271412682739604,1.0,0.47285873172603965
NTPC.NS,14,zone_not_touched,,,
NTPC.NS,0,+1R,0.5270277664004182,1.0,0.4729722335995818
NTPC.NS,1,+1R,0.4972115086244401,1.0,0.5027884913755599
NTPC.NS,1,zone_not_touched,,,
NTPC.NS,11,Neither,-0.02320951015152567,0.4741391078239166,0.4973486179754423
NTPC.NS,17,+2R,1.4821480382719692,2.0,0.5178519617280309
NTPC.NS,91,zone_not_touched,,,
NTPC.NS,5,SL,-1.7425126575800358,-1.2378680926359449,0.5046445649440909
NTPC.NS,7,SL,-1.751502100444204,-1.24074379412803,0.5107583063161741
NTPC.NS,19,+1R,0.47481458098738893,1.0,0.5251854190126111
NTPC.NS,16,zone_not_touched,,,
NTPC.NS,0,SL,-1.784559547183329,-1.2506386907176312,0.533920856465698
NTPC.NS,15,+2R,1.4475400086528531,2.0,0.552459991347147
BAJFINANCE.NS,20,data_quality_ambiguous,,,0.4056131885387369
BAJFINANCE.NS,3,SL,-1.6169698064849234,-1.1970271293937707,0.41994267709115285
BAJFINANCE.NS,29,BE,0.051016769528705874,0.4468622148499772,0.3958454453212713
BAJFINANCE.NS,6,SL,-1.679176031387541,-1.2176068558501274,0.46156917553741356
BAJFINANCE.NS,1,+1R,0.5170526514325127,1.0,0.48294734856748733
BAJFINANCE.NS,3,+1R,0.5602206829449552,1.0,0.43977931705504475
BAJFINANCE.NS,23,+1R,0.5422748238784094,1.0,0.45772517612159064
BAJFINANCE.NS,0,+1R,0.5680610146607992,1.0,0.43193898533920083
BAJFINANCE.NS,5,SL,-1.658577850406047,-1.210337444147794,0.448240406258253
BAJFINANCE.NS,53,zone_not_touched,,,
BAJFINANCE.NS,0,BE,0.05598282116199066,0.4903604773313315,0.4343776561693408
BAJFINANCE.NS,5,BE,0.05445074469900718,0.47694082948043703,0.42249008478142985
BAJFINANCE.NS,34,SL,-1.6350338208840882,-1.202805764838138,0.43222805604595027
HINDUNILVR.NS,53,zone_not_touched,,,
HINDUNILVR.NS,12,zone_not_touched,,,
HINDUNILVR.NS,3,+1R,0.4951173493558537,1.0,0.5048826506441463
HINDUNILVR.NS,0,+2R,1.4651816771565391,2.0,0.534818322843461
HINDUNILVR.NS,134,SL,-1.7006572993704197,-1.2237985602592703,0.47685873911114934
HINDUNILVR.NS,88,SL,-1.752474543422893,-1.2410548763348697,0.5114196670880233
HINDUNILVR.NS,120,zone_not_touched,,,
HINDUNILVR.NS,36,data_quality_ambiguous,,,0.48741579952183434
HINDUNILVR.NS,0,zone_not_touched,,,
HINDUNILVR.NS,132,+2R,1.5295081469179566,2.0,0.4704918530820435
HINDUNILVR.NS,85,+2R,1.5000837578637258,2.0,0.4999162421362741
HINDUNILVR.NS,463,data_quality_ambiguous,,,0.4613166550512255
HINDUNILVR.NS,28,BE,0.052628699410291746,0.4609813087033292,0.40835260929303746
HINDUNILVR.NS,1,zone_not_touched,,,
HINDUNILVR.NS,0,Neither,-0.782542250206617,-0.2830099890495459,0.49953226115707117
HINDUNILVR.NS,188,SL,-1.6084291484016568,-1.1942949930907492,0.4141341553109077
HINDUNILVR.NS,9,zone_not_touched,,,
KOTAKBANK.NS,13,BE,0.05667043574032993,0.496383378747353,0.43971294300702307
KOTAKBANK.NS,0,+1R,0.5148005682319591,1.0,0.4851994317680409
KOTAKBANK.NS,14,zone_not_touched,,,
KOTAKBANK.NS,96,SL,-1.6417573462881343,-1.2056367070659535,0.4361206392221809
KOTAKBANK.NS,43,+2R,1.4870241942527396,2.0,0.5129758057472605
KOTAKBANK.NS,0,+1R,0.5527290397096005,1.0,0.4472709602903995
KOTAKBANK.NS,198,SL,-1.6649989908407101,-1.2123915517724675,0.4526074390682427
KOTAKBANK.NS,272,+1R,0.5944536889822032,1.0,0.40554631101779687
KOTAKBANK.NS,10,zone_not_touched,,,
KOTAKBANK.NS,1,+1R,0.5251815095515766,1.0,0.4748184904484234
KOTAKBANK.NS,34,+1R,0.531050529546064,1.0,0.468949470453936
KOTAKBANK.NS,5,+1R,0.5345333319839686,1.0,0.4654666680160314
KOTAKBANK.NS,1,zone_not_touched,,,
KOTAKBANK.NS,89,+1R,0.5249019865210158,1.0,0.4750980134789842
KOTAKBANK.NS,2,zone_not_touched,,,
KOTAKBANK.NS,0,+1R,0.47623595421583553,1.0,0.5237640457841645
KOTAKBANK.NS,3,zone_not_touched,,,
KOTAKBANK.NS,13,+1R,0.4808549891200746,1.0,0.5191450108799254
KOTAKBANK.NS,10,+2R,1.4607098465630628,2.0,0.5392901534369373
KOTAKBANK.NS,17,SL,-1.7968846806001495,-1.2552615740883417,0.5416231065118079
KOTAKBANK.NS,129,zone_not_touched,,,
KOTAKBANK.NS,458,data_quality_ambiguous,,,0.4260308391155593
ASIANPAINT.NS,19,+1R,0.5792668761025241,1.0,0.4207331238974758
ASIANPAINT.NS,9,zone_not_touched,,,
ASIANPAINT.NS,3,+1R,0.5127779351211443,1.0,0.48722206487885567
ASIANPAINT.NS,197,Neither,-0.6222350622117399,-0.23459334414139954,0.3876417180703403
ASIANPAINT.NS,26,SL,-1.7222752750199384,-1.2313942018618025,0.4908810731581359
ASIANPAINT.NS,100,+2R,1.4917730561160767,2.0,0.5082269438839233
ASIANPAINT.NS,15,zone_not_touched,,,
ASIANPAINT.NS,1,zone_not_touched,,,
ASIANPAINT.NS,3,SL,-1.7059083053614905,-1.2261584470126399,0.47974985834885064
ASIANPAINT.NS,3,SL,-1.7262714238468209,-1.232672560411667,0.4935988634351538
ASIANPAINT.NS,36,+2R,1.5034580915636007,2.0,0.49654190843639934
ASIANPAINT.NS,135,zone_not_touched,,,
ASIANPAINT.NS,18,data_quality_ambiguous,,,0.4278213058700229
ASIANPAINT.NS,0,zone_not_touched,,,
TATASTEEL.NS,10,BE,0.05242892273616051,0.4592314400246361,0.4068025172884756
TATASTEEL.NS,41,Neither,-0.3259874028483656,0.08747323407671627,0.41346063692508184
TATASTEEL.NS,11,+2R,1.539297208951306,2.0,0.460702791048694
TATASTEEL.NS,56,BE,0.054607151381016295,0.47831081501623735,0.42370366363522105
TATASTEEL.NS,9,data_quality_ambiguous,,,0.4675299701550421
TATASTEEL.NS,5,+2R,1.5468951204308443,2.0,0.4531048795691557
TATASTEEL.NS,55,+1R,0.5451188628163695,1.0,0.4548811371836306
TATASTEEL.NS,120,zone_not_touched,,,
TATASTEEL.NS,1,SL,-1.6999233923255397,-1.2242438875001953,0.4756795048253443
TATASTEEL.NS,43,+2R,1.521583444621498,2.0,0.47841655537850203
TATASTEEL.NS,0,zone_not_touched,,,
TATASTEEL.NS,57,+2R,1.500809965881844,2.0,0.49919003411815605
TATASTEEL.NS,29,zone_not_touched,,,
TATASTEEL.NS,102,+2R,1.4911322441826007,2.0,0.5088677558173993
TATASTEEL.NS,3,+2R,1.5213411868505804,2.0,0.47865881314941955
TATASTEEL.NS,182,SL,-1.7262505408106799,-1.2319857776106056,0.49426476320007423
POWERGRID.NS,46,zone_not_touched,,,
POWERGRID.NS,1,+1R,0.5149140269216932,1.0,0.4850859730783068
POWERGRID.NS,106,zone_not_touched,,,
POWERGRID.NS,13,+2R,1.4866801901079347,2.0,0.5133198098920653
POWERGRID.NS,7,zone_not_touched,,,
POWERGRID.NS,0,+2R,1.4823132198057107,2.0,0.5176867801942893
POWERGRID.NS,50,+2R,1.478333132665794,2.0,0.5216668673342061
POWERGRID.NS,0,+2R,1.4736596205700165,2.0,0.5263403794299835
POWERGRID.NS,15,+2R,1.4772546321843667,2.0,0.5227453678156333
POWERGRID.NS,4,zone_not_touched,,,
POWERGRID.NS,15,zone_not_touched,,,
POWERGRID.NS,13,SL,-1.7756286992077879,-1.2477817335917272,0.5278469656160606
POWERGRID.NS,4,+2R,1.513838410183515,2.0,0.486161589816485
POWERGRID.NS,2,+2R,1.4652918939131916,2.0,0.5347081060868084
POWERGRID.NS,16,SL,-1.8275782013440511,-1.2644002563480763,0.5631779449959748
COALINDIA.NS,2,+2R,1.5411241979442742,2.0,0.4588758020557257
COALINDIA.NS,73,+1R,0.4897532080122987,1.0,0.5102467919877013
COALINDIA.NS,42,zone_not_touched,,,
COALINDIA.NS,1,zone_not_touched,,,
COALINDIA.NS,0,Neither,0.012111133239083416,0.5719090721631325,0.559797938924049
COALINDIA.NS,33,zone_not_touched,,,
COALINDIA.NS,11,SL,-1.7409379709287842,-1.2366842517366647,0.5042537191921196
COALINDIA.NS,26,+1R,0.46423957205740807,1.0,0.5357604279425919
COALINDIA.NS,6,SL,-1.8469119948974806,-1.2705850911380163,0.5763269037594643
COALINDIA.NS,135,+1R,0.5353484532482169,1.0,0.46465154675178305
TECHM.NS,6,BE,0.04700493863833355,0.4117220902628803,0.36471715162454676
TECHM.NS,2,SL,-1.5442017015233163,-1.1737487848762853,0.370452916647031
TECHM.NS,5,BE,0.04872741040250933,0.4268094341824257,0.37808202377991634
TECHM.NS,1,BE,0.049476314340281824,0.4333691767032355,0.38389286236295367
TECHM.NS,45,BE,0.047840875793658255,0.41904416753569956,0.3712032917420413
TECHM.NS,13,+1R,0.6016222536252447,1.0,0.39837774637475526
TECHM.NS,279,+2R,1.6260898576535179,2.0,0.3739101423464821
TECHM.NS,22,+1R,0.6058401221101264,1.0,0.39415987788987367
TECHM.NS,3,+1R,0.6423532062508988,1.0,0.3576467937491013
TECHM.NS,0,BE,0.04864757637087558,0.4261101579929228,0.3774625816220472
TECHM.NS,4,SL,-1.6236045335012712,-1.1991495628602793,0.4244549706409919
TECHM.NS,4,BE,0.05510290900147735,0.4826532175312668,0.4275503085297894
TECHM.NS,33,BE,0.0537920742689979,0.47117145345097033,0.41737937918197243
TECHM.NS,3,zone_not_touched,,,
TECHM.NS,123,zone_not_touched,,,
TECHM.NS,6,+2R,1.513142826732779,2.0,0.48685717326722117
ADANIPORTS.NS,4,SL,-1.685623365850864,-1.2189892405153069,0.46663412533555704
ADANIPORTS.NS,87,+1R,0.5976190290859807,1.0,0.40238097091401925
ADANIPORTS.NS,9,BE,0.056989521367605045,0.4991782893513413,0.44218876798373624
ADANIPORTS.NS,10,+1R,0.562325230496179,1.0,0.437674769503821
ADANIPORTS.NS,42,+1R,0.5618289896267339,1.0,0.4381710103732661
ADANIPORTS.NS,110,+2R,1.5546326344230028,2.0,0.4453673655769973
ADANIPORTS.NS,233,SL,-1.6430740774073467,-1.2053778238666972,0.4376962535406494
ADANIPORTS.NS,5,+1R,0.5556000563195503,1.0,0.44439994368044966
ADANIPORTS.NS,3,BE,0.052888547270004305,0.4632573483503612,0.4103688010803569
ADANIPORTS.NS,5,SL,-1.687391054628776,-1.2195547199708217,0.46783633465795427
ADANIPORTS.NS,96,BE,0.05137478757036518,0.44999813930261023,0.39862335173224506
ADANIPORTS.NS,1,+2R,1.4906484070756418,2.0,0.5093515929243583
ADANIPORTS.NS,2,+2R,1.4742993994689257,2.0,0.5257006005310743
ADANIPORTS.NS,25,SL,-1.793453048650825,-1.254163803151246,0.5392892454995789
ADANIPORTS.NS,0,zone_not_touched,,,
JSWSTEEL.NS,1,zone_not_touched,,,
JSWSTEEL.NS,0,+1R,0.4771719845562311,1.0,0.5228280154437689
JSWSTEEL.NS,50,+1R,0.5469957509608214,1.0,0.4530042490391786
JSWSTEEL.NS,127,BE,0.056726836841932526,0.49687740299512195,0.4401505661531894
JSWSTEEL.NS,6,zone_not_touched,,,
JSWSTEEL.NS,65,data_quality_ambiguous,,,0.4742529928526735
JSWSTEEL.NS,0,SL,-1.661416385982626,-1.2119255873265027,0.44949079865612335
JSWSTEEL.NS,22,+1R,0.5361114999115799,1.0,0.4638885000884201
JSWSTEEL.NS,60,Neither,-0.6072108534326073,-0.13136553665833328,0.47584531677427405
JSWSTEEL.NS,0,+2R,1.504286596037854,2.0,0.4957134039621461
JSWSTEEL.NS,468,BE,0.05693627959216857,0.4987119380334525,0.4417756584412839
JSWSTEEL.NS,10,SL,-1.7090677088260606,-1.2264890303346447,0.48257867849141595
JSWSTEEL.NS,6,Neither,-0.03810547438431122,0.4787114415381005,0.5168169159224117
JSWSTEEL.NS,0,+1R,0.46422862296905953,1.0,0.5357713770309405
JSWSTEEL.NS,16,zone_not_touched,,,
GRASIM.NS,50,zone_not_touched,,,
GRASIM.NS,40,data_quality_ambiguous,,,0.4919679249320445
GRASIM.NS,120,+2R,1.5348732001717496,2.0,0.46512679982825056
GRASIM.NS,0,+2R,1.533337015794347,2.0,0.46666298420565305
GRASIM.NS,8,+2R,1.5113476414023843,2.0,0.4886523585976156
GRASIM.NS,15,zone_not_touched,,,
GRASIM.NS,39,+1R,0.539508019692116,1.0,0.460491980307884
GRASIM.NS,1,zone_not_touched,,,
GRASIM.NS,7,zone_not_touched,,,
GRASIM.NS,33,+1R,0.4814149735357768,1.0,0.5185850264642232
GRASIM.NS,0,BE,0.05349399017782741,0.46856049790793586,0.41506650773010845
GRASIM.NS,3,+2R,1.523114662596336,2.0,0.4768853374036639
DRREDDY.NS,53,+2R,1.5535153939049975,2.0,0.44648460609500257
DRREDDY.NS,62,+2R,1.5448015397362407,2.0,0.4551984602637593
DRREDDY.NS,16,SL,-1.7334096135759347,-1.2349560504081765,0.4984535631677582
DRREDDY.NS,39,+1R,0.5678740306703502,1.0,0.43212596932964975
DRREDDY.NS,46,zone_not_touched,,,
DRREDDY.NS,13,zone_not_touched,,,
DRREDDY.NS,2,zone_not_touched,,,
DRREDDY.NS,0,+1R,0.5396482428848055,1.0,0.46035175711519444
DRREDDY.NS,71,data_quality_ambiguous,,,0.39856461493250017
DRREDDY.NS,13,zone_not_touched,,,
DRREDDY.NS,56,+2R,1.5431447264925113,2.0,0.4568552735074887
DRREDDY.NS,8,+1R,0.4973704875204963,1.0,0.5026295124795037
DRREDDY.NS,13,Neither,-1.1060063622209244,-0.6237608014047311,0.48224556081619335
CIPLA.NS,49,+1R,0.5441690182838155,1.0,0.4558309817161846
CIPLA.NS,136,+1R,0.5701593288364099,1.0,0.42984067116359015
CIPLA.NS,8,+1R,0.5397583927934925,1.0,0.46024160720650753
CIPLA.NS,9,+2R,1.5312219890436056,2.0,0.4687780109563943
CIPLA.NS,48,zone_not_touched,,,
CIPLA.NS,118,zone_not_touched,,,
CIPLA.NS,27,+2R,1.5197854367608494,2.0,0.4802145632391507
CIPLA.NS,2,+1R,0.5014802157245508,1.0,0.4985197842754492
CIPLA.NS,24,+2R,1.506351530640468,2.0,0.4936484693595321
CIPLA.NS,16,+2R,1.6290187205782423,2.0,0.3709812794217577
CIPLA.NS,278,+2R,1.5330395885107002,2.0,0.4669604114892999
CIPLA.NS,2,+2R,1.4973609184791035,2.0,0.5026390815208965
CIPLA.NS,3,+2R,1.475411935344412,2.0,0.5245880646555879
CIPLA.NS,12,+1R,0.45000831994435775,1.0,0.5499916800556423
CIPLA.NS,16,+1R,0.4279285311817278,1.0,0.5720714688182722
BPCL.NS,6,data_quality_ambiguous,,,0.450362616828184
BPCL.NS,5,+2R,1.550380442053759,2.0,0.44961955794624103
BPCL.NS,278,data_quality_ambiguous,,,0.4263725099005764
BPCL.NS,3,data_quality_ambiguous,,,0.3837856822962312
BPCL.NS,3,+1R,0.5821393046501977,1.0,0.4178606953498023
BPCL.NS,18,+1R,0.5491043168289015,1.0,0.4508956831710985
BPCL.NS,2,+2R,1.5307905658391894,2.0,0.4692094341608107
BPCL.NS,4,data_quality_ambiguous,,,0.4759742268467698
EICHERMOT.NS,19,+2R,1.5593863018620624,2.0,0.44061369813793766
EICHERMOT.NS,0,+2R,1.5179085736701572,2.0,0.4820914263298428
EICHERMOT.NS,2,Neither,-0.2006967976620976,0.21342448130858885,0.41412127897068646
EICHERMOT.NS,4,zone_not_touched,,,
EICHERMOT.NS,41,+2R,1.5737459750986116,2.0,0.42625402490138836
EICHERMOT.NS,1,zone_not_touched,,,
EICHERMOT.NS,15,Neither,-0.796991269697958,-0.31112975226310635,0.4858615174348516
EICHERMOT.NS,40,SL,-1.6688610682369647,-1.2143071235562772,0.4545539446806874
EICHERMOT.NS,13,+2R,1.5013717578820196,2.0,0.4986282421179804
EICHERMOT.NS,27,zone_not_touched,,,
EICHERMOT.NS,20,zone_not_touched,,,
HEROMOTOCO.NS,10,SL,-1.6871541907235277,-1.2194789477682617,0.467675242955266
HEROMOTOCO.NS,2,data_quality_ambiguous,,,0.4722636175834716
HEROMOTOCO.NS,0,+2R,1.5669360260840635,2.0,0.43306397391593665
HEROMOTOCO.NS,13,+1R,0.5646922055886533,1.0,0.4353077944113467
HEROMOTOCO.NS,13,+1R,0.5568235464209899,1.0,0.4431764535790101
HEROMOTOCO.NS,37,SL,-1.6732322900741183,-1.215705467074266,0.4575268229998524
HEROMOTOCO.NS,1,+2R,1.5556941599839647,2.0,0.44430584001603546
HEROMOTOCO.NS,1,Neither,-1.0254157602168958,-0.586676237190382,0.4387395230265138
HEROMOTOCO.NS,0,zone_not_touched,,,
HEROMOTOCO.NS,3,SL,-1.5710751600209132,-1.1830256430009358,0.38804951701997736
HEROMOTOCO.NS,21,+1R,0.594102458619189,1.0,0.4058975413808111
HEROMOTOCO.NS,7,SL,-1.6928689412980538,-1.221307082948841,0.4715618583492127
BRITANNIA.NS,36,zone_not_touched,,,
BRITANNIA.NS,38,+1R,0.5067727167349536,1.0,0.4932272832650464
BRITANNIA.NS,131,+1R,0.5099715555125421,1.0,0.4900284444874578
BRITANNIA.NS,6,+1R,0.5119533705389621,1.0,0.488046629461038
BRITANNIA.NS,23,SL,-1.7357613539752974,-1.2350282642275594,0.500733089747738
BRITANNIA.NS,1,+2R,1.500025084760878,2.0,0.4999749152391219
BRITANNIA.NS,60,+1R,0.5037620390827084,1.0,0.4962379609172916
BRITANNIA.NS,107,zone_not_touched,,,
BRITANNIA.NS,0,zone_not_touched,,,
BRITANNIA.NS,21,+2R,1.5541478196660539,2.0,0.44585218033394614
BRITANNIA.NS,58,SL,-1.6440048477957248,-1.2056755751105954,0.4383292726851293
BRITANNIA.NS,1,+2R,1.499878846907764,2.0,0.500121153092236
BRITANNIA.NS,0,+2R,1.4884319962390764,2.0,0.5115680037609237
